Package name,Best for,Included Medline products,Approx Medline product cost,Suggested sale price,,
Basic Home Recovery Package,"Short-term recovery after surgery, weakness, or general home support",MDS86410P5H1 Folding Walker; MDS86430WH1 Folding T-Handle Cane; G2-105RX1 Shower Chair; MDSAGRH 32 in. Reacher,$63.79 ,$149-$179,,
Bathroom Safety Package,"Fall-risk customers, seniors, and post-hospital discharge",G2-105RX1 Shower Chair; G5-400RX1 Freestanding Toilet Safety Rail; G4-400RX1 Locking Raised Toilet Seat; G5-024WRX1 24 in. Grab Bar,$89.46 ,$199-$249,,
Bedside Recovery Package,Customers renting or buying a bed who need bedside support,MDS107015 Overbed Table; MDTFALLMATB Beveled Edge Fall Mat; MDS86051P Security Pole; MDSAGRH 32 in. Reacher,$227.99 ,$399-$499,,
Complete Hospital Bed Purchase Package,Longer-term home care customers who want to buy instead of rent,MDR107003E Full-Electric Bed; MSCADVHC80 Therapeutic Foam Mattress; MDS89694N Full Side Rails; MDS107015 Overbed Table,$531.73 ,$899-$1,099 plus delivery/setup,
Premium Low Bed Safety Package,High fall-risk customers and families wanting a safer bed setup,MDR107003ELO Low Full-Electric Bed; MSCADV0280 5-Zone Mattress; MDS89694N Full Side Rails; MDTFALLMATG Beveled Edge Fall Mat; MDS107015 Overbed Table,$650.49 ,$1 ,149-$1,349 plus delivery/setup
Wheelchair Comfort Package,Customers buying or renting a wheelchair,K1206N22S Guardian K1 Wheelchair; MSCPRC21816 Gel Foam Wheelchair Cushion; MSCBC18 Standard Back Cushion,$135.84 ,$279-$349,,
Mobility Independence Package,Customers needing multiple mobility aids around the home,RLL-230A-8B Basic Aluminum Rollator; MDS86430WH1 Folding Cane; MDSAGRH Reacher; MDSR020051 Hip Kit,$78.74 ,$179-$229,,
Heavy-Duty Bariatric Home Safety Package,Bariatric customers who need stronger home equipment,MDR107004L Bariatric Full-Electric Bed; MDS89697BARL Bariatric Half Side Rails; MDS86410XWWB Bariatric Walker; G1-201LBX1 Bariatric Folding Commode,$681.46 ,$1 ,199-$1,499 plus delivery/setup
Caregiver Transfer Package,Patients who need help transferring from bed to chair or bathroom,MDS88200D Manual Hydraulic Patient Lift; MDSMR115 Full-Body Patient Sling; MDS808200ABE Transport Chair; G3-100KBPX1 Padded Transfer Bench,$521.84 ,$949-$1,199 plus delivery/setup,
